-- Me Offer · majors + majors_ext + health_restrictions 完整数据

DELETE FROM majors;

INSERT OR REPLACE INTO majors (code, name, category, subcategory, degree_type, tuition_avg, employment_rate, salary_avg, masters_rate, description) VALUES
('010101', '哲学', '哲学类', '哲学类', '哲学', 5500, 78.5, 5200, 35.0, '培养哲学理论及应用人才'),
('010102', '逻辑学', '哲学类', '哲学类', '哲学', 5500, 76.0, 5000, 40.0, '培养逻辑思维专才'),
('020101', '经济学', '经济学类', '经济学类', '经济学', 5500, 87.3, 7100, 38.0, '培养经济理论与政策分析人才'),
('020301', '金融学', '经济学类', '金融学类', '经济学', 6000, 88.5, 7800, 32.0, '培养银行证券保险等金融人才'),
('020302', '金融工程', '经济学类', '金融学类', '经济学', 6500, 89.0, 8500, 35.0, '培养金融产品设计定价人才'),
('020303', '保险学', '经济学类', '金融学类', '经济学', 5500, 86.0, 6800, 20.0, '保险业务与精算人才'),
('020401', '国际经济与贸易', '经济学类', '经济与贸易类', '经济学', 5500, 84.0, 6500, 25.0, '对外经贸人才'),
('020402', '贸易经济', '经济学类', '经济与贸易类', '经济学', 5000, 82.0, 6200, 22.0, ''),
('030101', '法学', '法学类', '法学类', '法学', 5500, 82.7, 6800, 45.0, '律师/法官/检察官/法务'),
('030301', '社会学', '法学类', '社会学类', '法学', 5000, 80.0, 5800, 40.0, ''),
('030302', '社会工作', '法学类', '社会学类', '法学', 5000, 81.0, 5500, 25.0, ''),
('030401', '政治学与行政学', '法学类', '政治学类', '法学', 5000, 82.0, 6000, 40.0, ''),
('030503', '思想政治教育', '法学类', '马克思主义理论类', '法学', 5000, 85.0, 6200, 30.0, ''),
('040101', '教育学', '教育学类', '教育学类', '教育学', 5000, 85.5, 5800, 25.0, '中小学教师/教研人员'),
('040106', '学前教育', '教育学类', '教育学类', '教育学', 5000, 89.0, 5500, 15.0, '幼儿园教师'),
('040107', '小学教育', '教育学类', '教育学类', '教育学', 5000, 91.0, 5800, 12.0, '小学教师'),
('040201', '体育教育', '教育学类', '体育学类', '教育学', 5000, 83.0, 5500, 20.0, '体育教师'),
('050101', '汉语言文学', '文学类', '中国语言文学类', '文学', 5000, 84.0, 6200, 32.0, '中文教师/编辑/文秘'),
('050103', '汉语国际教育', '文学类', '中国语言文学类', '文学', 5500, 82.0, 6000, 25.0, ''),
('050201', '英语', '文学类', '外国语言文学类', '文学', 5500, 83.1, 5800, 30.0, '英语教师/翻译/外贸'),
('050203', '日语', '文学类', '外国语言文学类', '文学', 6000, 82.0, 6500, 28.0, ''),
('050205', '西班牙语', '文学类', '外国语言文学类', '文学', 6500, 80.0, 6800, 30.0, ''),
('050207', '法语', '文学类', '外国语言文学类', '文学', 6500, 81.0, 6600, 32.0, ''),
('050209', '俄语', '文学类', '外国语言文学类', '文学', 5500, 78.0, 5800, 35.0, ''),
('050211', '德语', '文学类', '外国语言文学类', '文学', 6500, 83.0, 7000, 30.0, ''),
('050230', '翻译', '文学类', '外国语言文学类', '文学', 6000, 81.5, 6500, 25.0, ''),
('050301', '新闻学', '文学类', '新闻传播学类', '文学', 5500, 80.0, 6500, 25.0, '记者/编辑/新媒体'),
('050302', '广播电视学', '文学类', '新闻传播学类', '文学', 5500, 78.0, 6200, 22.0, ''),
('050303', '广告学', '文学类', '新闻传播学类', '文学', 5500, 79.0, 6300, 18.0, ''),
('050304', '传播学', '文学类', '新闻传播学类', '文学', 6000, 78.4, 6200, 30.0, ''),
('050306', '网络与新媒体', '文学类', '新闻传播学类', '文学', 5500, 82.0, 6800, 20.0, ''),
('060101', '历史学', '历史学类', '历史学类', '历史学', 5000, 78.0, 5200, 45.0, ''),
('060102', '世界史', '历史学类', '历史学类', '历史学', 5000, 76.0, 5000, 50.0, ''),
('060103', '考古学', '历史学类', '历史学类', '历史学', 5000, 75.0, 5500, 55.0, ''),
('070101', '数学与应用数学', '理学类', '数学类', '理学', 5500, 90.1, 7200, 48.0, '基础数学/金融建模/AI'),
('070102', '信息与计算科学', '理学类', '数学类', '理学', 5500, 88.0, 7500, 45.0, ''),
('070103', '统计学', '理学类', '数学类', '理学', 5500, 87.0, 7000, 42.0, ''),
('070201', '物理学', '理学类', '物理学类', '理学', 5500, 85.0, 6500, 55.0, ''),
('070202', '应用物理学', '理学类', '物理学类', '理学', 5500, 84.0, 6800, 40.0, ''),
('070301', '化学', '理学类', '化学类', '理学', 5500, 86.0, 6800, 50.0, ''),
('070302', '应用化学', '理学类', '化学类', '理学', 5500, 85.0, 6500, 45.0, ''),
('070401', '天文学', '理学类', '天文学类', '理学', 5500, 78.0, 6500, 65.0, ''),
('070501', '地理科学', '理学类', '地理科学类', '理学', 5000, 83.0, 5800, 35.0, ''),
('070504', '地理信息科学', '理学类', '地理科学类', '理学', 5500, 88.0, 7500, 30.0, ''),
('070601', '大气科学', '理学类', '大气科学类', '理学', 5500, 85.0, 7000, 35.0, ''),
('070701', '海洋科学', '理学类', '海洋科学类', '理学', 5500, 82.0, 6500, 40.0, ''),
('070801', '地球物理学', '理学类', '地球物理学类', '理学', 5500, 83.0, 7800, 35.0, ''),
('071001', '生物科学', '理学类', '生物科学类', '理学', 5500, 80.0, 6000, 55.0, ''),
('071002', '生物技术', '理学类', '生物科学类', '理学', 5500, 82.0, 6500, 40.0, ''),
('071101', '心理学', '理学类', '心理学类', '理学', 5500, 83.0, 6500, 40.0, '');

INSERT OR REPLACE INTO majors (code, name, category, subcategory, degree_type, tuition_avg, employment_rate, salary_avg, masters_rate, description) VALUES
('080101', '理论与应用力学', '工学类', '力学类', '工学', 5500, 85.0, 7500, 55.0, ''),
('080202', '机械设计制造及其自动化', '工学类', '机械类', '工学', 5500, 91.0, 7200, 28.0, ''),
('080203', '材料成型及控制工程', '工学类', '机械类', '工学', 5500, 88.0, 6800, 25.0, ''),
('080204', '机械电子工程', '工学类', '机械类', '工学', 5500, 90.0, 7000, 25.0, ''),
('080205', '工业设计', '工学类', '机械类', '工学', 6000, 82.0, 6500, 20.0, ''),
('080206', '过程装备与控制工程', '工学类', '机械类', '工学', 5500, 85.0, 6800, 20.0, ''),
('080207', '车辆工程', '工学类', '机械类', '工学', 5500, 89.0, 7500, 22.0, '汽车研发'),
('080208', '汽车服务工程', '工学类', '机械类', '工学', 5500, 83.0, 6500, 10.0, ''),
('080301', '测控技术与仪器', '工学类', '仪器类', '工学', 5500, 87.0, 6800, 25.0, ''),
('080401', '材料科学与工程', '工学类', '材料类', '工学', 5500, 89.4, 7000, 45.0, ''),
('080402', '材料物理', '工学类', '材料类', '工学', 5500, 85.0, 6800, 50.0, ''),
('080403', '材料化学', '工学类', '材料类', '工学', 5500, 85.0, 6800, 48.0, ''),
('080406', '高分子材料与工程', '工学类', '材料类', '工学', 5500, 87.0, 7200, 35.0, ''),
('080501', '能源与动力工程', '工学类', '能源动力类', '工学', 5500, 89.0, 7500, 30.0, ''),
('080601', '电气工程及其自动化', '工学类', '电气类', '工学', 5500, 93.2, 7800, 25.0, '国家电网主要专业'),
('080701', '电子信息工程', '工学类', '电子信息类', '工学', 5500, 92.1, 7600, 30.0, ''),
('080703', '通信工程', '工学类', '电子信息类', '工学', 5500, 91.0, 8000, 25.0, ''),
('080705', '光电信息科学与工程', '工学类', '电子信息类', '工学', 5500, 90.0, 7500, 30.0, ''),
('080709', '电子科学与技术', '工学类', '电子信息类', '工学', 5500, 89.0, 7300, 35.0, ''),
('080714', '电子信息科学与技术', '工学类', '电子信息类', '工学', 5500, 90.0, 7500, 30.0, ''),
('080717', '人工智能', '工学类', '电子信息类', '工学', 6000, 94.1, 9200, 30.0, '新兴前沿'),
('080718', '智能科学与技术', '工学类', '电子信息类', '工学', 5500, 92.0, 8500, 28.0, ''),
('080801', '自动化', '工学类', '自动化类', '工学', 5500, 92.4, 7500, 28.0, ''),
('080901', '计算机科学与技术', '工学类', '计算机类', '工学', 5500, 93.5, 8900, 28.0, '互联网主力'),
('080902', '软件工程', '工学类', '计算机类', '工学', 6500, 94.2, 8700, 15.0, ''),
('080903', '网络工程', '工学类', '计算机类', '工学', 5500, 92.0, 8200, 18.0, ''),
('080904', '信息安全', '工学类', '计算机类', '工学', 6000, 93.0, 8500, 22.0, '网络安全'),
('080905', '物联网工程', '工学类', '计算机类', '工学', 5500, 91.0, 8000, 20.0, ''),
('080906', '数字媒体技术', '工学类', '计算机类', '工学', 6000, 88.0, 7500, 15.0, ''),
('080907', '智能科学与技术', '工学类', '计算机类', '工学', 5500, 91.0, 8300, 28.0, ''),
('080908', '数据科学与大数据技术', '工学类', '计算机类', '工学', 5500, 93.0, 8700, 22.0, ''),
('080910', '网络空间安全', '工学类', '计算机类', '工学', 6000, 92.0, 8500, 25.0, ''),
('081001', '土木工程', '工学类', '土木类', '工学', 5500, 84.9, 6400, 18.0, '基建'),
('081002', '建筑环境与能源应用工程', '工学类', '土木类', '工学', 5500, 86.0, 6500, 18.0, ''),
('081003', '给排水科学与工程', '工学类', '土木类', '工学', 5500, 87.0, 6800, 18.0, ''),
('081004', '建筑电气与智能化', '工学类', '土木类', '工学', 5500, 86.0, 6800, 15.0, ''),
('081101', '水利水电工程', '工学类', '水利类', '工学', 5500, 88.0, 7500, 25.0, ''),
('081201', '测绘工程', '工学类', '测绘类', '工学', 5500, 89.0, 7200, 22.0, ''),
('081301', '化学工程与工艺', '工学类', '化工与制药类', '工学', 5500, 91.2, 6900, 30.0, ''),
('081302', '制药工程', '工学类', '化工与制药类', '工学', 5500, 88.0, 7500, 25.0, ''),
('081401', '地质工程', '工学类', '地质类', '工学', 5500, 86.0, 7800, 30.0, ''),
('081501', '矿物加工工程', '工学类', '矿业类', '工学', 5500, 85.0, 7500, 22.0, ''),
('081502', '采矿工程', '工学类', '矿业类', '工学', 5500, 83.0, 7800, 20.0, ''),
('081503', '石油工程', '工学类', '矿业类', '工学', 5500, 85.0, 8500, 25.0, ''),
('081601', '纺织工程', '工学类', '纺织类', '工学', 5500, 85.0, 6500, 18.0, ''),
('081602', '服装设计与工程', '工学类', '纺织类', '工学', 6000, 82.0, 6000, 15.0, ''),
('081701', '轻化工程', '工学类', '轻工类', '工学', 5500, 86.0, 6800, 20.0, ''),
('081801', '交通运输', '工学类', '交通运输类', '工学', 5500, 88.0, 7500, 22.0, ''),
('081802', '交通工程', '工学类', '交通运输类', '工学', 5500, 88.0, 7200, 22.0, ''),
('081803', '航海技术', '工学类', '交通运输类', '工学', 5500, 89.0, 10000, 12.0, '');

INSERT OR REPLACE INTO majors (code, name, category, subcategory, degree_type, tuition_avg, employment_rate, salary_avg, masters_rate, description) VALUES
('081804', '轮机工程', '工学类', '交通运输类', '工学', 5500, 88.0, 9500, 10.0, ''),
('081901', '船舶与海洋工程', '工学类', '海洋工程类', '工学', 5500, 89.0, 7200, 25.0, ''),
('082001', '飞行器设计与工程', '工学类', '航空航天类', '工学', 5500, 90.0, 8500, 35.0, ''),
('082002', '飞行器制造工程', '工学类', '航空航天类', '工学', 5500, 88.0, 8000, 30.0, ''),
('082003', '飞行器动力工程', '工学类', '航空航天类', '工学', 5500, 88.0, 8200, 32.0, ''),
('082201', '武器系统与工程', '工学类', '兵器类', '工学', 5500, 92.0, 8500, 25.0, ''),
('082301', '核工程与核技术', '工学类', '核工程类', '工学', 5500, 91.0, 8500, 35.0, ''),
('082401', '农业机械化及其自动化', '工学类', '农业工程类', '工学', 5000, 88.0, 6500, 20.0, ''),
('082501', '环境科学', '工学类', '环境科学与工程类', '工学', 5500, 82.0, 6200, 35.0, ''),
('082502', '环境工程', '工学类', '环境科学与工程类', '工学', 5500, 83.0, 6500, 28.0, ''),
('082601', '生物医学工程', '工学类', '生物医学工程类', '工学', 5500, 88.0, 7000, 40.0, ''),
('082701', '食品科学与工程', '工学类', '食品科学与工程类', '工学', 5500, 87.0, 6500, 22.0, ''),
('082702', '食品质量与安全', '工学类', '食品科学与工程类', '工学', 5500, 86.0, 6200, 18.0, ''),
('082801', '建筑学', '工学类', '建筑类', '工学', 6000, 81.8, 7500, 12.0, ''),
('082802', '城乡规划', '工学类', '建筑类', '工学', 6000, 80.0, 7200, 15.0, ''),
('082803', '风景园林', '工学类', '建筑类', '工学', 6000, 82.0, 6800, 18.0, ''),
('082901', '安全工程', '工学类', '安全科学与工程类', '工学', 5500, 88.0, 7000, 22.0, ''),
('090101', '农学', '农学类', '植物生产类', '农学', 5000, 83.0, 5500, 30.0, ''),
('090102', '园艺', '农学类', '植物生产类', '农学', 5000, 85.0, 5200, 25.0, ''),
('090201', '植物保护', '农学类', '植物生产类', '农学', 5000, 84.0, 5800, 30.0, ''),
('090401', '动物科学', '农学类', '动物生产类', '农学', 5500, 87.0, 6500, 25.0, ''),
('090402', '蚕学', '农学类', '动物生产类', '农学', 5000, 80.0, 5500, 30.0, ''),
('090501', '动物医学', '农学类', '动物医学类', '农学', 5500, 89.0, 7200, 20.0, ''),
('090601', '林学', '农学类', '林学类', '农学', 5000, 82.0, 5500, 30.0, ''),
('090701', '水产养殖学', '农学类', '水产类', '农学', 5000, 82.0, 5800, 28.0, ''),
('100201', '临床医学', '医学类', '临床医学类', '医学', 6500, 87.8, 7100, 40.0, '5+3 一体化'),
('100301', '口腔医学', '医学类', '口腔医学类', '医学', 7500, 88.9, 8500, 35.0, ''),
('100401', '预防医学', '医学类', '公共卫生与预防医学类', '医学', 6000, 85.0, 6500, 45.0, ''),
('100501', '中医学', '医学类', '中医学类', '医学', 6000, 84.0, 6200, 35.0, ''),
('100601', '中西医临床医学', '医学类', '中西医结合类', '医学', 6500, 83.0, 6500, 38.0, ''),
('100701', '药学', '医学类', '药学类', '医学', 6000, 87.0, 7200, 35.0, ''),
('100801', '中药学', '医学类', '中药学类', '医学', 5500, 83.0, 6200, 32.0, ''),
('100901', '法医学', '医学类', '法医学类', '医学', 6500, 90.0, 7500, 30.0, ''),
('101001', '医学检验技术', '医学类', '医学技术类', '医学', 5500, 88.0, 6500, 20.0, ''),
('101002', '医学影像技术', '医学类', '医学技术类', '医学', 5500, 87.0, 7000, 22.0, ''),
('101006', '康复治疗学', '医学类', '医学技术类', '医学', 5500, 85.0, 6500, 18.0, ''),
('101007', '眼视光学', '医学类', '医学技术类', '医学', 5500, 88.0, 7000, 20.0, ''),
('101101', '护理学', '医学类', '护理学类', '医学', 5500, 92.0, 6000, 15.0, ''),
('110101', '作战指挥', '军事学类', '军事指挥学类', '军事学', 0, 100.0, 8000, 0.0, '军校'),
('120101', '管理科学', '管理学类', '管理科学与工程类', '管理学', 5500, 87.0, 7500, 35.0, ''),
('120102', '信息管理与信息系统', '管理学类', '管理科学与工程类', '管理学', 5500, 88.0, 7200, 25.0, ''),
('120103', '工程管理', '管理学类', '管理科学与工程类', '管理学', 5500, 87.0, 6800, 20.0, ''),
('120104', '房地产开发与管理', '管理学类', '管理科学与工程类', '管理学', 5500, 83.0, 6500, 15.0, ''),
('120201', '工商管理', '管理学类', '工商管理类', '管理学', 5500, 85.0, 6500, 28.0, ''),
('120203', '会计学', '管理学类', '工商管理类', '管理学', 5500, 89.5, 6400, 25.0, ''),
('120204', '财务管理', '管理学类', '工商管理类', '管理学', 5500, 88.0, 6500, 22.0, ''),
('120205', '国际商务', '管理学类', '工商管理类', '管理学', 6000, 85.0, 6800, 25.0, ''),
('120206', '人力资源管理', '管理学类', '工商管理类', '管理学', 5500, 84.0, 6200, 18.0, ''),
('120207', '审计学', '管理学类', '工商管理类', '管理学', 5500, 88.0, 6800, 20.0, ''),
('120208', '资产评估', '管理学类', '工商管理类', '管理学', 5500, 86.0, 6800, 22.0, '');

INSERT OR REPLACE INTO majors (code, name, category, subcategory, degree_type, tuition_avg, employment_rate, salary_avg, masters_rate, description) VALUES
('120209', '物业管理', '管理学类', '工商管理类', '管理学', 5000, 82.0, 5500, 10.0, ''),
('120210', '文化产业管理', '管理学类', '工商管理类', '管理学', 5500, 80.0, 5800, 20.0, ''),
('120301', '农林经济管理', '管理学类', '农业经济管理类', '管理学', 5000, 82.0, 5800, 30.0, ''),
('120401', '公共事业管理', '管理学类', '公共管理类', '管理学', 5000, 82.0, 6000, 30.0, ''),
('120402', '行政管理', '管理学类', '公共管理类', '管理学', 5000, 82.0, 6200, 28.0, ''),
('120403', '劳动与社会保障', '管理学类', '公共管理类', '管理学', 5000, 83.0, 5800, 25.0, ''),
('120404', '土地资源管理', '管理学类', '公共管理类', '管理学', 5000, 84.0, 6200, 25.0, ''),
('120502', '档案学', '管理学类', '图书情报与档案管理类', '管理学', 5000, 80.0, 5500, 30.0, ''),
('120601', '物流管理', '管理学类', '物流管理与工程类', '管理学', 5500, 86.0, 6500, 15.0, ''),
('120801', '电子商务', '管理学类', '电子商务类', '管理学', 5500, 85.0, 6500, 15.0, ''),
('120901', '旅游管理', '管理学类', '旅游管理类', '管理学', 5500, 82.0, 5800, 12.0, ''),
('120902', '酒店管理', '管理学类', '旅游管理类', '管理学', 5500, 80.0, 5500, 10.0, ''),
('130101', '艺术史论', '艺术学类', '艺术学理论类', '艺术学', 8000, 78.0, 5800, 35.0, ''),
('130201', '音乐表演', '艺术学类', '音乐与舞蹈学类', '艺术学', 10000, 78.0, 6000, 15.0, ''),
('130202', '音乐学', '艺术学类', '音乐与舞蹈学类', '艺术学', 10000, 80.0, 5800, 25.0, ''),
('130301', '表演', '艺术学类', '戏剧与影视学类', '艺术学', 10000, 78.0, 6500, 15.0, ''),
('130302', '戏剧学', '艺术学类', '戏剧与影视学类', '艺术学', 8000, 75.0, 5800, 25.0, ''),
('130303', '电影学', '艺术学类', '戏剧与影视学类', '艺术学', 10000, 78.0, 7000, 25.0, ''),
('130304', '戏剧影视文学', '艺术学类', '戏剧与影视学类', '艺术学', 8000, 78.0, 6500, 20.0, ''),
('130305', '广播电视编导', '艺术学类', '戏剧与影视学类', '艺术学', 8000, 80.0, 6500, 15.0, ''),
('130306', '戏剧影视导演', '艺术学类', '戏剧与影视学类', '艺术学', 10000, 75.0, 6800, 18.0, ''),
('130310', '动画', '艺术学类', '戏剧与影视学类', '艺术学', 10000, 82.0, 6500, 12.0, ''),
('130401', '美术学', '艺术学类', '美术学类', '艺术学', 10000, 78.0, 5800, 25.0, ''),
('130402', '绘画', '艺术学类', '美术学类', '艺术学', 10000, 75.0, 5500, 20.0, ''),
('130403', '雕塑', '艺术学类', '美术学类', '艺术学', 10000, 75.0, 5500, 25.0, ''),
('130404', '摄影', '艺术学类', '美术学类', '艺术学', 10000, 80.0, 6500, 10.0, ''),
('130405', '书法学', '艺术学类', '美术学类', '艺术学', 10000, 80.0, 5500, 30.0, ''),
('130502', '视觉传达设计', '艺术学类', '设计学类', '艺术学', 10000, 82.0, 6800, 12.0, ''),
('130503', '环境设计', '艺术学类', '设计学类', '艺术学', 10000, 82.0, 6500, 10.0, ''),
('130504', '产品设计', '艺术学类', '设计学类', '艺术学', 10000, 83.0, 6800, 12.0, ''),
('130505', '服装与服饰设计', '艺术学类', '设计学类', '艺术学', 10000, 80.0, 6200, 10.0, ''),
('130506', '公共艺术', '艺术学类', '设计学类', '艺术学', 10000, 78.0, 6000, 15.0, ''),
('130508', '数字媒体艺术', '艺术学类', '设计学类', '艺术学', 10000, 85.0, 7200, 15.0, '');

DELETE FROM majors_ext;

INSERT OR REPLACE INTO majors_ext (major_code, major_name, category, subcategory, degree_years, tuition_yuan, employment_rate, starting_salary, masters_rate, job_5yr_salary, heat_score, mycos_source_year) VALUES
('010101', '哲学', '哲学类', '哲学类', 4, 5500, 78.5, 5200, 35.0, 9360, 62, 2024),
('010102', '逻辑学', '哲学类', '哲学类', 4, 5500, 76.0, 5000, 40.0, 9000, 60, 2024),
('020101', '经济学', '经济学类', '经济学类', 4, 5500, 87.3, 7100, 38.0, 12780, 77, 2024),
('020301', '金融学', '经济学类', '金融学类', 4, 6000, 88.5, 7800, 32.0, 14040, 82, 2024),
('020302', '金融工程', '经济学类', '金融学类', 4, 6500, 89.0, 8500, 35.0, 15300, 86, 2024),
('020303', '保险学', '经济学类', '金融学类', 4, 5500, 86.0, 6800, 20.0, 12240, 75, 2024),
('020401', '国际经济与贸易', '经济学类', '经济与贸易类', 4, 5500, 84.0, 6500, 25.0, 11700, 72, 2024),
('020402', '贸易经济', '经济学类', '经济与贸易类', 4, 5000, 82.0, 6200, 22.0, 11160, 70, 2024),
('030101', '法学', '法学类', '法学类', 4, 5500, 82.7, 6800, 45.0, 12240, 73, 2024),
('030301', '社会学', '法学类', '社会学类', 4, 5000, 80.0, 5800, 40.0, 10440, 66, 2024),
('030302', '社会工作', '法学类', '社会学类', 4, 5000, 81.0, 5500, 25.0, 9900, 65, 2024),
('030401', '政治学与行政学', '法学类', '政治学类', 4, 5000, 82.0, 6000, 40.0, 10800, 68, 2024),
('030503', '思想政治教育', '法学类', '马克思主义理论类', 4, 5000, 85.0, 6200, 30.0, 11160, 71, 2024),
('040101', '教育学', '教育学类', '教育学类', 4, 5000, 85.5, 5800, 25.0, 10440, 69, 2024),
('040106', '学前教育', '教育学类', '教育学类', 4, 5000, 89.0, 5500, 15.0, 9900, 68, 2024),
('040107', '小学教育', '教育学类', '教育学类', 4, 5000, 91.0, 5800, 12.0, 10440, 71, 2024),
('040201', '体育教育', '教育学类', '体育学类', 4, 5000, 83.0, 5500, 20.0, 9900, 66, 2024),
('050101', '汉语言文学', '文学类', '中国语言文学类', 4, 5000, 84.0, 6200, 32.0, 11160, 70, 2024),
('050103', '汉语国际教育', '文学类', '中国语言文学类', 4, 5500, 82.0, 6000, 25.0, 10800, 68, 2024),
('050201', '英语', '文学类', '外国语言文学类', 4, 5500, 83.1, 5800, 30.0, 10440, 68, 2024),
('050203', '日语', '文学类', '外国语言文学类', 4, 6000, 82.0, 6500, 28.0, 11700, 71, 2024),
('050205', '西班牙语', '文学类', '外国语言文学类', 4, 6500, 80.0, 6800, 30.0, 12240, 72, 2024),
('050207', '法语', '文学类', '外国语言文学类', 4, 6500, 81.0, 6600, 32.0, 11880, 72, 2024),
('050209', '俄语', '文学类', '外国语言文学类', 4, 5500, 78.0, 5800, 35.0, 10440, 66, 2024),
('050211', '德语', '文学类', '外国语言文学类', 4, 6500, 83.0, 7000, 30.0, 12600, 75, 2024),
('050230', '翻译', '文学类', '外国语言文学类', 4, 6000, 81.5, 6500, 25.0, 11700, 71, 2024),
('050301', '新闻学', '文学类', '新闻传播学类', 4, 5500, 80.0, 6500, 25.0, 11700, 71, 2024),
('050302', '广播电视学', '文学类', '新闻传播学类', 4, 5500, 78.0, 6200, 22.0, 11160, 68, 2024),
('050303', '广告学', '文学类', '新闻传播学类', 4, 5500, 79.0, 6300, 18.0, 11340, 69, 2024),
('050304', '传播学', '文学类', '新闻传播学类', 4, 6000, 78.4, 6200, 30.0, 11160, 68, 2024),
('050306', '网络与新媒体', '文学类', '新闻传播学类', 4, 5500, 82.0, 6800, 20.0, 12240, 73, 2024),
('060101', '历史学', '历史学类', '历史学类', 4, 5000, 78.0, 5200, 45.0, 9360, 62, 2024),
('060102', '世界史', '历史学类', '历史学类', 4, 5000, 76.0, 5000, 50.0, 9000, 60, 2024),
('060103', '考古学', '历史学类', '历史学类', 4, 5000, 75.0, 5500, 55.0, 9900, 63, 2024),
('070101', '数学与应用数学', '理学类', '数学类', 4, 5500, 90.1, 7200, 48.0, 12960, 79, 2024),
('070102', '信息与计算科学', '理学类', '数学类', 4, 5500, 88.0, 7500, 45.0, 13500, 80, 2024),
('070103', '统计学', '理学类', '数学类', 4, 5500, 87.0, 7000, 42.0, 12600, 76, 2024),
('070201', '物理学', '理学类', '物理学类', 4, 5500, 85.0, 6500, 55.0, 11700, 73, 2024),
('070202', '应用物理学', '理学类', '物理学类', 4, 5500, 84.0, 6800, 40.0, 12240, 74, 2024),
('070301', '化学', '理学类', '化学类', 4, 5500, 86.0, 6800, 50.0, 12240, 75, 2024),
('070302', '应用化学', '理学类', '化学类', 4, 5500, 85.0, 6500, 45.0, 11700, 73, 2024),
('070401', '天文学', '理学类', '天文学类', 4, 5500, 78.0, 6500, 65.0, 11700, 70, 2024),
('070501', '地理科学', '理学类', '地理科学类', 4, 5000, 83.0, 5800, 35.0, 10440, 68, 2024),
('070504', '地理信息科学', '理学类', '地理科学类', 4, 5500, 88.0, 7500, 30.0, 13500, 80, 2024),
('070601', '大气科学', '理学类', '大气科学类', 4, 5500, 85.0, 7000, 35.0, 12600, 76, 2024),
('070701', '海洋科学', '理学类', '海洋科学类', 4, 5500, 82.0, 6500, 40.0, 11700, 71, 2024),
('070801', '地球物理学', '理学类', '地球物理学类', 4, 5500, 83.0, 7800, 35.0, 14040, 80, 2024),
('071001', '生物科学', '理学类', '生物科学类', 4, 5500, 80.0, 6000, 55.0, 10800, 68, 2024),
('071002', '生物技术', '理学类', '生物科学类', 4, 5500, 82.0, 6500, 40.0, 11700, 71, 2024),
('071101', '心理学', '理学类', '心理学类', 4, 5500, 83.0, 6500, 40.0, 11700, 72, 2024);

INSERT OR REPLACE INTO majors_ext (major_code, major_name, category, subcategory, degree_years, tuition_yuan, employment_rate, starting_salary, masters_rate, job_5yr_salary, heat_score, mycos_source_year) VALUES
('080101', '理论与应用力学', '工学类', '力学类', 4, 5500, 85.0, 7500, 55.0, 13500, 79, 2024),
('080202', '机械设计制造及其自动化', '工学类', '机械类', 4, 5500, 91.0, 7200, 28.0, 12960, 79, 2024),
('080203', '材料成型及控制工程', '工学类', '机械类', 4, 5500, 88.0, 6800, 25.0, 12240, 76, 2024),
('080204', '机械电子工程', '工学类', '机械类', 4, 5500, 90.0, 7000, 25.0, 12600, 78, 2024),
('080205', '工业设计', '工学类', '机械类', 4, 6000, 82.0, 6500, 20.0, 11700, 71, 2024),
('080206', '过程装备与控制工程', '工学类', '机械类', 4, 5500, 85.0, 6800, 20.0, 12240, 74, 2024),
('080207', '车辆工程', '工学类', '机械类', 4, 5500, 89.0, 7500, 22.0, 13500, 80, 2024),
('080208', '汽车服务工程', '工学类', '机械类', 4, 5500, 83.0, 6500, 10.0, 11700, 72, 2024),
('080301', '测控技术与仪器', '工学类', '仪器类', 4, 5500, 87.0, 6800, 25.0, 12240, 75, 2024),
('080401', '材料科学与工程', '工学类', '材料类', 4, 5500, 89.4, 7000, 45.0, 12600, 77, 2024),
('080402', '材料物理', '工学类', '材料类', 4, 5500, 85.0, 6800, 50.0, 12240, 74, 2024),
('080403', '材料化学', '工学类', '材料类', 4, 5500, 85.0, 6800, 48.0, 12240, 74, 2024),
('080406', '高分子材料与工程', '工学类', '材料类', 4, 5500, 87.0, 7200, 35.0, 12960, 78, 2024),
('080501', '能源与动力工程', '工学类', '能源动力类', 4, 5500, 89.0, 7500, 30.0, 13500, 80, 2024),
('080601', '电气工程及其自动化', '工学类', '电气类', 4, 5500, 93.2, 7800, 25.0, 14040, 84, 2024),
('080701', '电子信息工程', '工学类', '电子信息类', 4, 5500, 92.1, 7600, 30.0, 13680, 82, 2024),
('080703', '通信工程', '工学类', '电子信息类', 4, 5500, 91.0, 8000, 25.0, 14400, 84, 2024),
('080705', '光电信息科学与工程', '工学类', '电子信息类', 4, 5500, 90.0, 7500, 30.0, 13500, 81, 2024),
('080709', '电子科学与技术', '工学类', '电子信息类', 4, 5500, 89.0, 7300, 35.0, 13140, 79, 2024),
('080714', '电子信息科学与技术', '工学类', '电子信息类', 4, 5500, 90.0, 7500, 30.0, 13500, 81, 2024),
('080717', '人工智能', '工学类', '电子信息类', 4, 6000, 94.1, 9200, 30.0, 16560, 92, 2024),
('080718', '智能科学与技术', '工学类', '电子信息类', 4, 5500, 92.0, 8500, 28.0, 15300, 87, 2024),
('080801', '自动化', '工学类', '自动化类', 4, 5500, 92.4, 7500, 28.0, 13500, 81, 2024),
('080901', '计算机科学与技术', '工学类', '计算机类', 4, 5500, 93.5, 8900, 28.0, 16020, 90, 2024),
('080902', '软件工程', '工学类', '计算机类', 4, 6500, 94.2, 8700, 15.0, 15660, 89, 2024),
('080903', '网络工程', '工学类', '计算机类', 4, 5500, 92.0, 8200, 18.0, 14760, 86, 2024),
('080904', '信息安全', '工学类', '计算机类', 4, 6000, 93.0, 8500, 22.0, 15300, 88, 2024),
('080905', '物联网工程', '工学类', '计算机类', 4, 5500, 91.0, 8000, 20.0, 14400, 84, 2024),
('080906', '数字媒体技术', '工学类', '计算机类', 4, 6000, 88.0, 7500, 15.0, 13500, 80, 2024),
('080907', '智能科学与技术', '工学类', '计算机类', 4, 5500, 91.0, 8300, 28.0, 14940, 86, 2024),
('080908', '数据科学与大数据技术', '工学类', '计算机类', 4, 5500, 93.0, 8700, 22.0, 15660, 89, 2024),
('080910', '网络空间安全', '工学类', '计算机类', 4, 6000, 92.0, 8500, 25.0, 15300, 87, 2024),
('081001', '土木工程', '工学类', '土木类', 4, 5500, 84.9, 6400, 18.0, 11520, 72, 2024),
('081002', '建筑环境与能源应用工程', '工学类', '土木类', 4, 5500, 86.0, 6500, 18.0, 11700, 73, 2024),
('081003', '给排水科学与工程', '工学类', '土木类', 4, 5500, 87.0, 6800, 18.0, 12240, 75, 2024),
('081004', '建筑电气与智能化', '工学类', '土木类', 4, 5500, 86.0, 6800, 15.0, 12240, 75, 2024),
('081101', '水利水电工程', '工学类', '水利类', 4, 5500, 88.0, 7500, 25.0, 13500, 80, 2024),
('081201', '测绘工程', '工学类', '测绘类', 4, 5500, 89.0, 7200, 22.0, 12960, 78, 2024),
('081301', '化学工程与工艺', '工学类', '化工与制药类', 4, 5500, 91.2, 6900, 30.0, 12420, 77, 2024),
('081302', '制药工程', '工学类', '化工与制药类', 4, 5500, 88.0, 7500, 25.0, 13500, 80, 2024),
('081401', '地质工程', '工学类', '地质类', 4, 5500, 86.0, 7800, 30.0, 14040, 81, 2024),
('081501', '矿物加工工程', '工学类', '矿业类', 4, 5500, 85.0, 7500, 22.0, 13500, 79, 2024),
('081502', '采矿工程', '工学类', '矿业类', 4, 5500, 83.0, 7800, 20.0, 14040, 80, 2024),
('081503', '石油工程', '工学类', '矿业类', 4, 5500, 85.0, 8500, 25.0, 15300, 85, 2024),
('081601', '纺织工程', '工学类', '纺织类', 4, 5500, 85.0, 6500, 18.0, 11700, 73, 2024),
('081602', '服装设计与工程', '工学类', '纺织类', 4, 6000, 82.0, 6000, 15.0, 10800, 68, 2024),
('081701', '轻化工程', '工学类', '轻工类', 4, 5500, 86.0, 6800, 20.0, 12240, 75, 2024),
('081801', '交通运输', '工学类', '交通运输类', 4, 5500, 88.0, 7500, 22.0, 13500, 80, 2024),
('081802', '交通工程', '工学类', '交通运输类', 4, 5500, 88.0, 7200, 22.0, 12960, 78, 2024),
('081803', '航海技术', '工学类', '交通运输类', 4, 5500, 89.0, 10000, 12.0, 18000, 95, 2024);

INSERT OR REPLACE INTO majors_ext (major_code, major_name, category, subcategory, degree_years, tuition_yuan, employment_rate, starting_salary, masters_rate, job_5yr_salary, heat_score, mycos_source_year) VALUES
('081804', '轮机工程', '工学类', '交通运输类', 4, 5500, 88.0, 9500, 10.0, 17100, 92, 2024),
('081901', '船舶与海洋工程', '工学类', '海洋工程类', 4, 5500, 89.0, 7200, 25.0, 12960, 78, 2024),
('082001', '飞行器设计与工程', '工学类', '航空航天类', 4, 5500, 90.0, 8500, 35.0, 15300, 87, 2024),
('082002', '飞行器制造工程', '工学类', '航空航天类', 4, 5500, 88.0, 8000, 30.0, 14400, 83, 2024),
('082003', '飞行器动力工程', '工学类', '航空航天类', 4, 5500, 88.0, 8200, 32.0, 14760, 84, 2024),
('082201', '武器系统与工程', '工学类', '兵器类', 4, 5500, 92.0, 8500, 25.0, 15300, 87, 2024),
('082301', '核工程与核技术', '工学类', '核工程类', 4, 5500, 91.0, 8500, 35.0, 15300, 87, 2024),
('082401', '农业机械化及其自动化', '工学类', '农业工程类', 4, 5000, 88.0, 6500, 20.0, 11700, 74, 2024),
('082501', '环境科学', '工学类', '环境科学与工程类', 4, 5500, 82.0, 6200, 35.0, 11160, 70, 2024),
('082502', '环境工程', '工学类', '环境科学与工程类', 4, 5500, 83.0, 6500, 28.0, 11700, 72, 2024),
('082601', '生物医学工程', '工学类', '生物医学工程类', 4, 5500, 88.0, 7000, 40.0, 12600, 77, 2024),
('082701', '食品科学与工程', '工学类', '食品科学与工程类', 4, 5500, 87.0, 6500, 22.0, 11700, 73, 2024),
('082702', '食品质量与安全', '工学类', '食品科学与工程类', 4, 5500, 86.0, 6200, 18.0, 11160, 71, 2024),
('082801', '建筑学', '工学类', '建筑类', 4, 6000, 81.8, 7500, 12.0, 13500, 77, 2024),
('082802', '城乡规划', '工学类', '建筑类', 4, 6000, 80.0, 7200, 15.0, 12960, 75, 2024),
('082803', '风景园林', '工学类', '建筑类', 4, 6000, 82.0, 6800, 18.0, 12240, 73, 2024),
('082901', '安全工程', '工学类', '安全科学与工程类', 4, 5500, 88.0, 7000, 22.0, 12600, 77, 2024),
('090101', '农学', '农学类', '植物生产类', 4, 5000, 83.0, 5500, 30.0, 9900, 66, 2024),
('090102', '园艺', '农学类', '植物生产类', 4, 5000, 85.0, 5200, 25.0, 9360, 65, 2024),
('090201', '植物保护', '农学类', '植物生产类', 4, 5000, 84.0, 5800, 30.0, 10440, 68, 2024),
('090401', '动物科学', '农学类', '动物生产类', 4, 5500, 87.0, 6500, 25.0, 11700, 73, 2024),
('090402', '蚕学', '农学类', '动物生产类', 4, 5000, 80.0, 5500, 30.0, 9900, 65, 2024),
('090501', '动物医学', '农学类', '动物医学类', 4, 5500, 89.0, 7200, 20.0, 12960, 78, 2024),
('090601', '林学', '农学类', '林学类', 4, 5000, 82.0, 5500, 30.0, 9900, 65, 2024),
('090701', '水产养殖学', '农学类', '水产类', 4, 5000, 82.0, 5800, 28.0, 10440, 67, 2024),
('100201', '临床医学', '医学类', '临床医学类', 4, 6500, 87.8, 7100, 40.0, 12780, 77, 2024),
('100301', '口腔医学', '医学类', '口腔医学类', 4, 7500, 88.9, 8500, 35.0, 15300, 86, 2024),
('100401', '预防医学', '医学类', '公共卫生与预防医学类', 4, 6000, 85.0, 6500, 45.0, 11700, 73, 2024),
('100501', '中医学', '医学类', '中医学类', 4, 6000, 84.0, 6200, 35.0, 11160, 70, 2024),
('100601', '中西医临床医学', '医学类', '中西医结合类', 4, 6500, 83.0, 6500, 38.0, 11700, 72, 2024),
('100701', '药学', '医学类', '药学类', 4, 6000, 87.0, 7200, 35.0, 12960, 78, 2024),
('100801', '中药学', '医学类', '中药学类', 4, 5500, 83.0, 6200, 32.0, 11160, 70, 2024),
('100901', '法医学', '医学类', '法医学类', 4, 6500, 90.0, 7500, 30.0, 13500, 81, 2024),
('101001', '医学检验技术', '医学类', '医学技术类', 4, 5500, 88.0, 6500, 20.0, 11700, 74, 2024),
('101002', '医学影像技术', '医学类', '医学技术类', 4, 5500, 87.0, 7000, 22.0, 12600, 76, 2024),
('101006', '康复治疗学', '医学类', '医学技术类', 4, 5500, 85.0, 6500, 18.0, 11700, 73, 2024),
('101007', '眼视光学', '医学类', '医学技术类', 4, 5500, 88.0, 7000, 20.0, 12600, 77, 2024),
('101101', '护理学', '医学类', '护理学类', 4, 5500, 92.0, 6000, 15.0, 10800, 72, 2024),
('110101', '作战指挥', '军事学类', '军事指挥学类', 4, 0, 100.0, 8000, 0.0, 14400, 88, 2024),
('120101', '管理科学', '管理学类', '管理科学与工程类', 4, 5500, 87.0, 7500, 35.0, 13500, 79, 2024),
('120102', '信息管理与信息系统', '管理学类', '管理科学与工程类', 4, 5500, 88.0, 7200, 25.0, 12960, 78, 2024),
('120103', '工程管理', '管理学类', '管理科学与工程类', 4, 5500, 87.0, 6800, 20.0, 12240, 75, 2024),
('120104', '房地产开发与管理', '管理学类', '管理科学与工程类', 4, 5500, 83.0, 6500, 15.0, 11700, 72, 2024),
('120201', '工商管理', '管理学类', '工商管理类', 4, 5500, 85.0, 6500, 28.0, 11700, 73, 2024),
('120203', '会计学', '管理学类', '工商管理类', 4, 5500, 89.5, 6400, 25.0, 11520, 74, 2024),
('120204', '财务管理', '管理学类', '工商管理类', 4, 5500, 88.0, 6500, 22.0, 11700, 74, 2024),
('120205', '国际商务', '管理学类', '工商管理类', 4, 6000, 85.0, 6800, 25.0, 12240, 74, 2024),
('120206', '人力资源管理', '管理学类', '工商管理类', 4, 5500, 84.0, 6200, 18.0, 11160, 70, 2024),
('120207', '审计学', '管理学类', '工商管理类', 4, 5500, 88.0, 6800, 20.0, 12240, 76, 2024),
('120208', '资产评估', '管理学类', '工商管理类', 4, 5500, 86.0, 6800, 22.0, 12240, 75, 2024);

INSERT OR REPLACE INTO majors_ext (major_code, major_name, category, subcategory, degree_years, tuition_yuan, employment_rate, starting_salary, masters_rate, job_5yr_salary, heat_score, mycos_source_year) VALUES
('120209', '物业管理', '管理学类', '工商管理类', 4, 5000, 82.0, 5500, 10.0, 9900, 65, 2024),
('120210', '文化产业管理', '管理学类', '工商管理类', 4, 5500, 80.0, 5800, 20.0, 10440, 66, 2024),
('120301', '农林经济管理', '管理学类', '农业经济管理类', 4, 5000, 82.0, 5800, 30.0, 10440, 67, 2024),
('120401', '公共事业管理', '管理学类', '公共管理类', 4, 5000, 82.0, 6000, 30.0, 10800, 68, 2024),
('120402', '行政管理', '管理学类', '公共管理类', 4, 5000, 82.0, 6200, 28.0, 11160, 70, 2024),
('120403', '劳动与社会保障', '管理学类', '公共管理类', 4, 5000, 83.0, 5800, 25.0, 10440, 68, 2024),
('120404', '土地资源管理', '管理学类', '公共管理类', 4, 5000, 84.0, 6200, 25.0, 11160, 70, 2024),
('120502', '档案学', '管理学类', '图书情报与档案管理类', 4, 5000, 80.0, 5500, 30.0, 9900, 65, 2024),
('120601', '物流管理', '管理学类', '物流管理与工程类', 4, 5500, 86.0, 6500, 15.0, 11700, 73, 2024),
('120801', '电子商务', '管理学类', '电子商务类', 4, 5500, 85.0, 6500, 15.0, 11700, 73, 2024),
('120901', '旅游管理', '管理学类', '旅游管理类', 4, 5500, 82.0, 5800, 12.0, 10440, 67, 2024),
('120902', '酒店管理', '管理学类', '旅游管理类', 4, 5500, 80.0, 5500, 10.0, 9900, 65, 2024),
('130101', '艺术史论', '艺术学类', '艺术学理论类', 4, 8000, 78.0, 5800, 35.0, 10440, 66, 2024),
('130201', '音乐表演', '艺术学类', '音乐与舞蹈学类', 4, 10000, 78.0, 6000, 15.0, 10800, 67, 2024),
('130202', '音乐学', '艺术学类', '音乐与舞蹈学类', 4, 10000, 80.0, 5800, 25.0, 10440, 66, 2024),
('130301', '表演', '艺术学类', '戏剧与影视学类', 4, 10000, 78.0, 6500, 15.0, 11700, 70, 2024),
('130302', '戏剧学', '艺术学类', '戏剧与影视学类', 4, 8000, 75.0, 5800, 25.0, 10440, 64, 2024),
('130303', '电影学', '艺术学类', '戏剧与影视学类', 4, 10000, 78.0, 7000, 25.0, 12600, 73, 2024),
('130304', '戏剧影视文学', '艺术学类', '戏剧与影视学类', 4, 8000, 78.0, 6500, 20.0, 11700, 70, 2024),
('130305', '广播电视编导', '艺术学类', '戏剧与影视学类', 4, 8000, 80.0, 6500, 15.0, 11700, 71, 2024),
('130306', '戏剧影视导演', '艺术学类', '戏剧与影视学类', 4, 10000, 75.0, 6800, 18.0, 12240, 70, 2024),
('130310', '动画', '艺术学类', '戏剧与影视学类', 4, 10000, 82.0, 6500, 12.0, 11700, 71, 2024),
('130401', '美术学', '艺术学类', '美术学类', 4, 10000, 78.0, 5800, 25.0, 10440, 66, 2024),
('130402', '绘画', '艺术学类', '美术学类', 4, 10000, 75.0, 5500, 20.0, 9900, 63, 2024),
('130403', '雕塑', '艺术学类', '美术学类', 4, 10000, 75.0, 5500, 25.0, 9900, 63, 2024),
('130404', '摄影', '艺术学类', '美术学类', 4, 10000, 80.0, 6500, 10.0, 11700, 71, 2024),
('130405', '书法学', '艺术学类', '美术学类', 4, 10000, 80.0, 5500, 30.0, 9900, 65, 2024),
('130502', '视觉传达设计', '艺术学类', '设计学类', 4, 10000, 82.0, 6800, 12.0, 12240, 73, 2024),
('130503', '环境设计', '艺术学类', '设计学类', 4, 10000, 82.0, 6500, 10.0, 11700, 71, 2024),
('130504', '产品设计', '艺术学类', '设计学类', 4, 10000, 83.0, 6800, 12.0, 12240, 74, 2024),
('130505', '服装与服饰设计', '艺术学类', '设计学类', 4, 10000, 80.0, 6200, 10.0, 11160, 69, 2024),
('130506', '公共艺术', '艺术学类', '设计学类', 4, 10000, 78.0, 6000, 15.0, 10800, 67, 2024),
('130508', '数字媒体艺术', '艺术学类', '设计学类', 4, 10000, 85.0, 7200, 15.0, 12960, 77, 2024);

DELETE FROM health_restrictions;

INSERT INTO health_restrictions (major_code, major_name, restriction_type, description) VALUES
('100201', '临床医学', 'color_blind', '色觉异常不宜就读'),
('100301', '口腔医学', 'color_blind', '色觉异常不宜就读'),
('100401', '预防医学', 'color_blind', '色觉异常不宜就读'),
('100501', '中医学', 'color_blind', '色觉异常不宜就读'),
('100701', '药学', 'color_blind', '色觉异常不宜就读'),
('100801', '中药学', 'color_blind', '色觉异常不宜就读'),
('070301', '化学', 'color_blind', '色盲不宜就读'),
('070302', '应用化学', 'color_blind', '色盲不宜就读'),
('080403', '材料化学', 'color_blind', '色盲不宜就读'),
('071001', '生物科学', 'color_blind', '色盲不宜就读'),
('081301', '化学工程与工艺', 'color_blind', '色盲不宜就读'),
('081302', '制药工程', 'color_blind', '色盲不宜就读'),
('082701', '食品科学与工程', 'color_blind', '色盲不宜就读'),
('082702', '食品质量与安全', 'color_blind', '色盲不宜就读'),
('101001', '医学检验技术', 'color_blind', '色觉异常不宜就读'),
('101002', '医学影像技术', 'color_blind', '色觉异常不宜就读'),
('081801', '交通运输', 'color_blind', '色盲不宜就读'),
('081803', '航海技术', 'color_blind', '色盲不能就读'),
('081804', '轮机工程', 'color_blind', '色盲不能就读'),
('082001', '飞行器设计与工程', 'vision', '飞行技术对视力有要求'),
('082002', '飞行器制造工程', 'vision', '无矫正视力低不宜'),
('081803', '航海技术', 'vision', '视力有严格要求'),
('110101', '作战指挥', 'vision', '军校视力高要求'),
('081801', '交通运输', 'height', '空乘/地勤专业有身高要求'),
('120901', '旅游管理', 'height', '酒店/空乘方向有身高要求'),
('100501', '中医学', 'other', '乙肝患者不宜'),
('100701', '药学', 'other', '乙肝患者不宜'),
('090501', '动物医学', 'other', '对宠物过敏不宜');

